"","model_name","location","n","variable"
"1","Ensemble_LOP_untrimmed","01",624,"any_exclusion"
"2","Ensemble_LOP_untrimmed","02",624,"any_exclusion"
"3","Ensemble_LOP_untrimmed","04",624,"any_exclusion"
"4","Ensemble_LOP_untrimmed","05",624,"any_exclusion"
"5","Ensemble_LOP_untrimmed","06",624,"any_exclusion"
"6","Ensemble_LOP_untrimmed","08",624,"any_exclusion"
"7","Ensemble_LOP_untrimmed","09",624,"any_exclusion"
"8","Ensemble_LOP_untrimmed","10",624,"any_exclusion"
"9","Ensemble_LOP_untrimmed","11",624,"any_exclusion"
"10","Ensemble_LOP_untrimmed","12",624,"any_exclusion"
"11","Ensemble_LOP_untrimmed","13",624,"any_exclusion"
"12","Ensemble_LOP_untrimmed","15",624,"any_exclusion"
"13","Ensemble_LOP_untrimmed","16",624,"any_exclusion"
"14","Ensemble_LOP_untrimmed","17",624,"any_exclusion"
"15","Ensemble_LOP_untrimmed","18",624,"any_exclusion"
"16","Ensemble_LOP_untrimmed","19",624,"any_exclusion"
"17","Ensemble_LOP_untrimmed","20",624,"any_exclusion"
"18","Ensemble_LOP_untrimmed","21",624,"any_exclusion"
"19","Ensemble_LOP_untrimmed","22",624,"any_exclusion"
"20","Ensemble_LOP_untrimmed","23",624,"any_exclusion"
"21","Ensemble_LOP_untrimmed","24",624,"any_exclusion"
"22","Ensemble_LOP_untrimmed","25",624,"any_exclusion"
"23","Ensemble_LOP_untrimmed","26",624,"any_exclusion"
"24","Ensemble_LOP_untrimmed","27",624,"any_exclusion"
"25","Ensemble_LOP_untrimmed","28",624,"any_exclusion"
"26","Ensemble_LOP_untrimmed","29",624,"any_exclusion"
"27","Ensemble_LOP_untrimmed","30",624,"any_exclusion"
"28","Ensemble_LOP_untrimmed","31",624,"any_exclusion"
"29","Ensemble_LOP_untrimmed","32",624,"any_exclusion"
"30","Ensemble_LOP_untrimmed","33",624,"any_exclusion"
"31","Ensemble_LOP_untrimmed","34",624,"any_exclusion"
"32","Ensemble_LOP_untrimmed","35",624,"any_exclusion"
"33","Ensemble_LOP_untrimmed","36",624,"any_exclusion"
"34","Ensemble_LOP_untrimmed","37",624,"any_exclusion"
"35","Ensemble_LOP_untrimmed","38",624,"any_exclusion"
"36","Ensemble_LOP_untrimmed","39",624,"any_exclusion"
"37","Ensemble_LOP_untrimmed","40",624,"any_exclusion"
"38","Ensemble_LOP_untrimmed","41",624,"any_exclusion"
"39","Ensemble_LOP_untrimmed","42",624,"any_exclusion"
"40","Ensemble_LOP_untrimmed","44",624,"any_exclusion"
"41","Ensemble_LOP_untrimmed","45",624,"any_exclusion"
"42","Ensemble_LOP_untrimmed","46",624,"any_exclusion"
"43","Ensemble_LOP_untrimmed","47",624,"any_exclusion"
"44","Ensemble_LOP_untrimmed","48",624,"any_exclusion"
"45","Ensemble_LOP_untrimmed","49",624,"any_exclusion"
"46","Ensemble_LOP_untrimmed","50",624,"any_exclusion"
"47","Ensemble_LOP_untrimmed","51",624,"any_exclusion"
"48","Ensemble_LOP_untrimmed","53",624,"any_exclusion"
"49","Ensemble_LOP_untrimmed","54",624,"any_exclusion"
"50","Ensemble_LOP_untrimmed","55",624,"any_exclusion"
"51","Ensemble_LOP_untrimmed","56",624,"any_exclusion"
"52","Ensemble_LOP_untrimmed","US",624,"any_exclusion"
"53","Ensemble_LOP_untrimmed","60",624,"any_exclusion"
"54","Ensemble_LOP_untrimmed","66",624,"any_exclusion"
"55","Ensemble_LOP_untrimmed","69",624,"any_exclusion"
"56","Ensemble_LOP_untrimmed","72",624,"any_exclusion"
"57","Ensemble_LOP_untrimmed","78",624,"any_exclusion"
"58","Ensemble_LOP","01",624,"any_exclusion"
"59","Ensemble_LOP","02",624,"any_exclusion"
"60","Ensemble_LOP","04",624,"any_exclusion"
"61","Ensemble_LOP","05",624,"any_exclusion"
"62","Ensemble_LOP","06",624,"any_exclusion"
"63","Ensemble_LOP","08",624,"any_exclusion"
"64","Ensemble_LOP","09",624,"any_exclusion"
"65","Ensemble_LOP","10",624,"any_exclusion"
"66","Ensemble_LOP","11",624,"any_exclusion"
"67","Ensemble_LOP","12",624,"any_exclusion"
"68","Ensemble_LOP","13",624,"any_exclusion"
"69","Ensemble_LOP","15",624,"any_exclusion"
"70","Ensemble_LOP","16",624,"any_exclusion"
"71","Ensemble_LOP","17",624,"any_exclusion"
"72","Ensemble_LOP","18",624,"any_exclusion"
"73","Ensemble_LOP","19",624,"any_exclusion"
"74","Ensemble_LOP","20",624,"any_exclusion"
"75","Ensemble_LOP","21",624,"any_exclusion"
"76","Ensemble_LOP","22",624,"any_exclusion"
"77","Ensemble_LOP","23",624,"any_exclusion"
"78","Ensemble_LOP","24",624,"any_exclusion"
"79","Ensemble_LOP","25",624,"any_exclusion"
"80","Ensemble_LOP","26",624,"any_exclusion"
"81","Ensemble_LOP","27",624,"any_exclusion"
"82","Ensemble_LOP","28",624,"any_exclusion"
"83","Ensemble_LOP","29",624,"any_exclusion"
"84","Ensemble_LOP","30",624,"any_exclusion"
"85","Ensemble_LOP","31",624,"any_exclusion"
"86","Ensemble_LOP","32",624,"any_exclusion"
"87","Ensemble_LOP","33",624,"any_exclusion"
"88","Ensemble_LOP","34",624,"any_exclusion"
"89","Ensemble_LOP","35",624,"any_exclusion"
"90","Ensemble_LOP","36",624,"any_exclusion"
"91","Ensemble_LOP","37",624,"any_exclusion"
"92","Ensemble_LOP","38",624,"any_exclusion"
"93","Ensemble_LOP","39",624,"any_exclusion"
"94","Ensemble_LOP","40",624,"any_exclusion"
"95","Ensemble_LOP","41",624,"any_exclusion"
"96","Ensemble_LOP","42",624,"any_exclusion"
"97","Ensemble_LOP","44",624,"any_exclusion"
"98","Ensemble_LOP","45",624,"any_exclusion"
"99","Ensemble_LOP","46",624,"any_exclusion"
"100","Ensemble_LOP","47",624,"any_exclusion"
"101","Ensemble_LOP","48",624,"any_exclusion"
"102","Ensemble_LOP","49",624,"any_exclusion"
"103","Ensemble_LOP","50",624,"any_exclusion"
"104","Ensemble_LOP","51",624,"any_exclusion"
"105","Ensemble_LOP","53",624,"any_exclusion"
"106","Ensemble_LOP","54",624,"any_exclusion"
"107","Ensemble_LOP","55",624,"any_exclusion"
"108","Ensemble_LOP","56",624,"any_exclusion"
"109","Ensemble_LOP","US",624,"any_exclusion"
"110","Ensemble_LOP","60",624,"any_exclusion"
"111","Ensemble_LOP","66",624,"any_exclusion"
"112","Ensemble_LOP","69",624,"any_exclusion"
"113","Ensemble_LOP","72",624,"any_exclusion"
"114","Ensemble_LOP","78",624,"any_exclusion"
"115","Ensemble","01",624,"any_exclusion"
"116","Ensemble","02",624,"any_exclusion"
"117","Ensemble","04",624,"any_exclusion"
"118","Ensemble","05",624,"any_exclusion"
"119","Ensemble","06",624,"any_exclusion"
"120","Ensemble","08",624,"any_exclusion"
"121","Ensemble","09",624,"any_exclusion"
"122","Ensemble","10",624,"any_exclusion"
"123","Ensemble","11",624,"any_exclusion"
"124","Ensemble","12",624,"any_exclusion"
"125","Ensemble","13",624,"any_exclusion"
"126","Ensemble","15",624,"any_exclusion"
"127","Ensemble","16",624,"any_exclusion"
"128","Ensemble","17",624,"any_exclusion"
"129","Ensemble","18",624,"any_exclusion"
"130","Ensemble","19",624,"any_exclusion"
"131","Ensemble","20",624,"any_exclusion"
"132","Ensemble","21",624,"any_exclusion"
"133","Ensemble","22",624,"any_exclusion"
"134","Ensemble","23",624,"any_exclusion"
"135","Ensemble","24",624,"any_exclusion"
"136","Ensemble","25",624,"any_exclusion"
"137","Ensemble","26",624,"any_exclusion"
"138","Ensemble","27",624,"any_exclusion"
"139","Ensemble","28",624,"any_exclusion"
"140","Ensemble","29",624,"any_exclusion"
"141","Ensemble","30",624,"any_exclusion"
"142","Ensemble","31",624,"any_exclusion"
"143","Ensemble","32",624,"any_exclusion"
"144","Ensemble","33",624,"any_exclusion"
"145","Ensemble","34",624,"any_exclusion"
"146","Ensemble","35",624,"any_exclusion"
"147","Ensemble","36",624,"any_exclusion"
"148","Ensemble","37",624,"any_exclusion"
"149","Ensemble","38",624,"any_exclusion"
"150","Ensemble","39",624,"any_exclusion"
"151","Ensemble","40",624,"any_exclusion"
"152","Ensemble","41",624,"any_exclusion"
"153","Ensemble","42",624,"any_exclusion"
"154","Ensemble","44",624,"any_exclusion"
"155","Ensemble","45",624,"any_exclusion"
"156","Ensemble","46",624,"any_exclusion"
"157","Ensemble","47",624,"any_exclusion"
"158","Ensemble","48",624,"any_exclusion"
"159","Ensemble","49",624,"any_exclusion"
"160","Ensemble","50",624,"any_exclusion"
"161","Ensemble","51",624,"any_exclusion"
"162","Ensemble","53",624,"any_exclusion"
"163","Ensemble","54",624,"any_exclusion"
"164","Ensemble","55",624,"any_exclusion"
"165","Ensemble","56",624,"any_exclusion"
"166","Ensemble","60",624,"any_exclusion"
"167","Ensemble","66",624,"any_exclusion"
"168","Ensemble","69",624,"any_exclusion"
"169","Ensemble","72",624,"any_exclusion"
"170","Ensemble","78",624,"any_exclusion"
"171","Ensemble","US",624,"any_exclusion"
"172","MOBS_NEU-GLEAM_COVID","01",624,"any_exclusion"
"173","MOBS_NEU-GLEAM_COVID","02",624,"any_exclusion"
"174","MOBS_NEU-GLEAM_COVID","04",624,"any_exclusion"
"175","MOBS_NEU-GLEAM_COVID","05",624,"any_exclusion"
"176","MOBS_NEU-GLEAM_COVID","06",624,"any_exclusion"
"177","MOBS_NEU-GLEAM_COVID","08",624,"any_exclusion"
"178","MOBS_NEU-GLEAM_COVID","09",624,"any_exclusion"
"179","MOBS_NEU-GLEAM_COVID","10",624,"any_exclusion"
"180","MOBS_NEU-GLEAM_COVID","11",624,"any_exclusion"
"181","MOBS_NEU-GLEAM_COVID","12",624,"any_exclusion"
"182","MOBS_NEU-GLEAM_COVID","13",624,"any_exclusion"
"183","MOBS_NEU-GLEAM_COVID","15",624,"any_exclusion"
"184","MOBS_NEU-GLEAM_COVID","16",624,"any_exclusion"
"185","MOBS_NEU-GLEAM_COVID","17",624,"any_exclusion"
"186","MOBS_NEU-GLEAM_COVID","18",624,"any_exclusion"
"187","MOBS_NEU-GLEAM_COVID","19",624,"any_exclusion"
"188","MOBS_NEU-GLEAM_COVID","20",624,"any_exclusion"
"189","MOBS_NEU-GLEAM_COVID","21",624,"any_exclusion"
"190","MOBS_NEU-GLEAM_COVID","22",624,"any_exclusion"
"191","MOBS_NEU-GLEAM_COVID","23",624,"any_exclusion"
"192","MOBS_NEU-GLEAM_COVID","24",624,"any_exclusion"
"193","MOBS_NEU-GLEAM_COVID","25",624,"any_exclusion"
"194","MOBS_NEU-GLEAM_COVID","26",624,"any_exclusion"
"195","MOBS_NEU-GLEAM_COVID","27",624,"any_exclusion"
"196","MOBS_NEU-GLEAM_COVID","28",624,"any_exclusion"
"197","MOBS_NEU-GLEAM_COVID","29",624,"any_exclusion"
"198","MOBS_NEU-GLEAM_COVID","30",624,"any_exclusion"
"199","MOBS_NEU-GLEAM_COVID","31",624,"any_exclusion"
"200","MOBS_NEU-GLEAM_COVID","32",624,"any_exclusion"
"201","MOBS_NEU-GLEAM_COVID","33",624,"any_exclusion"
"202","MOBS_NEU-GLEAM_COVID","34",624,"any_exclusion"
"203","MOBS_NEU-GLEAM_COVID","35",624,"any_exclusion"
"204","MOBS_NEU-GLEAM_COVID","36",624,"any_exclusion"
"205","MOBS_NEU-GLEAM_COVID","37",624,"any_exclusion"
"206","MOBS_NEU-GLEAM_COVID","38",624,"any_exclusion"
"207","MOBS_NEU-GLEAM_COVID","39",624,"any_exclusion"
"208","MOBS_NEU-GLEAM_COVID","40",624,"any_exclusion"
"209","MOBS_NEU-GLEAM_COVID","41",624,"any_exclusion"
"210","MOBS_NEU-GLEAM_COVID","42",624,"any_exclusion"
"211","MOBS_NEU-GLEAM_COVID","44",624,"any_exclusion"
"212","MOBS_NEU-GLEAM_COVID","45",624,"any_exclusion"
"213","MOBS_NEU-GLEAM_COVID","46",624,"any_exclusion"
"214","MOBS_NEU-GLEAM_COVID","47",624,"any_exclusion"
"215","MOBS_NEU-GLEAM_COVID","48",624,"any_exclusion"
"216","MOBS_NEU-GLEAM_COVID","49",624,"any_exclusion"
"217","MOBS_NEU-GLEAM_COVID","50",624,"any_exclusion"
"218","MOBS_NEU-GLEAM_COVID","51",624,"any_exclusion"
"219","MOBS_NEU-GLEAM_COVID","53",624,"any_exclusion"
"220","MOBS_NEU-GLEAM_COVID","54",624,"any_exclusion"
"221","MOBS_NEU-GLEAM_COVID","55",624,"any_exclusion"
"222","MOBS_NEU-GLEAM_COVID","56",624,"any_exclusion"
"223","MOBS_NEU-GLEAM_COVID","US",624,"any_exclusion"
"224","NotreDame-FRED","18",208,"any_exclusion"
"225","UNCC-hierbin","01",624,"any_exclusion"
"226","UNCC-hierbin","02",624,"any_exclusion"
"227","UNCC-hierbin","04",624,"any_exclusion"
"228","UNCC-hierbin","05",624,"any_exclusion"
"229","UNCC-hierbin","06",624,"any_exclusion"
"230","UNCC-hierbin","08",624,"any_exclusion"
"231","UNCC-hierbin","09",624,"any_exclusion"
"232","UNCC-hierbin","10",624,"any_exclusion"
"233","UNCC-hierbin","11",624,"any_exclusion"
"234","UNCC-hierbin","12",624,"any_exclusion"
"235","UNCC-hierbin","13",624,"any_exclusion"
"236","UNCC-hierbin","15",624,"any_exclusion"
"237","UNCC-hierbin","16",624,"any_exclusion"
"238","UNCC-hierbin","17",624,"any_exclusion"
"239","UNCC-hierbin","18",624,"any_exclusion"
"240","UNCC-hierbin","19",624,"any_exclusion"
"241","UNCC-hierbin","20",624,"any_exclusion"
"242","UNCC-hierbin","21",624,"any_exclusion"
"243","UNCC-hierbin","22",624,"any_exclusion"
"244","UNCC-hierbin","23",624,"any_exclusion"
"245","UNCC-hierbin","24",624,"any_exclusion"
"246","UNCC-hierbin","25",624,"any_exclusion"
"247","UNCC-hierbin","26",624,"any_exclusion"
"248","UNCC-hierbin","27",624,"any_exclusion"
"249","UNCC-hierbin","28",624,"any_exclusion"
"250","UNCC-hierbin","29",624,"any_exclusion"
"251","UNCC-hierbin","30",624,"any_exclusion"
"252","UNCC-hierbin","31",624,"any_exclusion"
"253","UNCC-hierbin","32",624,"any_exclusion"
"254","UNCC-hierbin","33",624,"any_exclusion"
"255","UNCC-hierbin","34",624,"any_exclusion"
"256","UNCC-hierbin","35",624,"any_exclusion"
"257","UNCC-hierbin","36",624,"any_exclusion"
"258","UNCC-hierbin","37",624,"any_exclusion"
"259","UNCC-hierbin","38",624,"any_exclusion"
"260","UNCC-hierbin","39",624,"any_exclusion"
"261","UNCC-hierbin","40",624,"any_exclusion"
"262","UNCC-hierbin","41",624,"any_exclusion"
"263","UNCC-hierbin","42",624,"any_exclusion"
"264","UNCC-hierbin","44",624,"any_exclusion"
"265","UNCC-hierbin","45",624,"any_exclusion"
"266","UNCC-hierbin","46",624,"any_exclusion"
"267","UNCC-hierbin","47",624,"any_exclusion"
"268","UNCC-hierbin","48",624,"any_exclusion"
"269","UNCC-hierbin","49",624,"any_exclusion"
"270","UNCC-hierbin","50",624,"any_exclusion"
"271","UNCC-hierbin","51",624,"any_exclusion"
"272","UNCC-hierbin","53",624,"any_exclusion"
"273","UNCC-hierbin","54",624,"any_exclusion"
"274","UNCC-hierbin","55",624,"any_exclusion"
"275","UNCC-hierbin","56",624,"any_exclusion"
"276","UNCC-hierbin","US",624,"any_exclusion"
"277","USC-SIkJalpha","53",624,"any_exclusion"
"278","USC-SIkJalpha","17",624,"any_exclusion"
"279","USC-SIkJalpha","06",624,"any_exclusion"
"280","USC-SIkJalpha","04",624,"any_exclusion"
"281","USC-SIkJalpha","25",624,"any_exclusion"
"282","USC-SIkJalpha","55",624,"any_exclusion"
"283","USC-SIkJalpha","48",624,"any_exclusion"
"284","USC-SIkJalpha","31",624,"any_exclusion"
"285","USC-SIkJalpha","49",624,"any_exclusion"
"286","USC-SIkJalpha","41",624,"any_exclusion"
"287","USC-SIkJalpha","12",624,"any_exclusion"
"288","USC-SIkJalpha","36",624,"any_exclusion"
"289","USC-SIkJalpha","44",624,"any_exclusion"
"290","USC-SIkJalpha","13",624,"any_exclusion"
"291","USC-SIkJalpha","33",624,"any_exclusion"
"292","USC-SIkJalpha","37",624,"any_exclusion"
"293","USC-SIkJalpha","34",624,"any_exclusion"
"294","USC-SIkJalpha","08",624,"any_exclusion"
"295","USC-SIkJalpha","24",624,"any_exclusion"
"296","USC-SIkJalpha","32",624,"any_exclusion"
"297","USC-SIkJalpha","47",624,"any_exclusion"
"298","USC-SIkJalpha","15",624,"any_exclusion"
"299","USC-SIkJalpha","18",624,"any_exclusion"
"300","USC-SIkJalpha","21",624,"any_exclusion"
"301","USC-SIkJalpha","27",624,"any_exclusion"
"302","USC-SIkJalpha","40",624,"any_exclusion"
"303","USC-SIkJalpha","42",624,"any_exclusion"
"304","USC-SIkJalpha","45",624,"any_exclusion"
"305","USC-SIkJalpha","11",624,"any_exclusion"
"306","USC-SIkJalpha","20",624,"any_exclusion"
"307","USC-SIkJalpha","29",624,"any_exclusion"
"308","USC-SIkJalpha","50",624,"any_exclusion"
"309","USC-SIkJalpha","51",624,"any_exclusion"
"310","USC-SIkJalpha","09",624,"any_exclusion"
"311","USC-SIkJalpha","19",624,"any_exclusion"
"312","USC-SIkJalpha","22",624,"any_exclusion"
"313","USC-SIkJalpha","39",624,"any_exclusion"
"314","USC-SIkJalpha","26",624,"any_exclusion"
"315","USC-SIkJalpha","46",624,"any_exclusion"
"316","USC-SIkJalpha","05",624,"any_exclusion"
"317","USC-SIkJalpha","10",624,"any_exclusion"
"318","USC-SIkJalpha","28",624,"any_exclusion"
"319","USC-SIkJalpha","35",624,"any_exclusion"
"320","USC-SIkJalpha","38",624,"any_exclusion"
"321","USC-SIkJalpha","56",624,"any_exclusion"
"322","USC-SIkJalpha","02",624,"any_exclusion"
"323","USC-SIkJalpha","23",624,"any_exclusion"
"324","USC-SIkJalpha","01",624,"any_exclusion"
"325","USC-SIkJalpha","16",624,"any_exclusion"
"326","USC-SIkJalpha","30",624,"any_exclusion"
"327","USC-SIkJalpha","72",624,"any_exclusion"
"328","USC-SIkJalpha","78",624,"any_exclusion"
"329","USC-SIkJalpha","66",624,"any_exclusion"
"330","USC-SIkJalpha","54",624,"any_exclusion"
"331","USC-SIkJalpha","69",624,"any_exclusion"
"332","USC-SIkJalpha","60",624,"any_exclusion"
"333","USC-SIkJalpha","US",624,"any_exclusion"
"334","UVA-adaptive","45",624,"any_exclusion"
"335","UVA-adaptive","41",624,"any_exclusion"
"336","UVA-adaptive","22",624,"any_exclusion"
"337","UVA-adaptive","09",624,"any_exclusion"
"338","UVA-adaptive","37",624,"any_exclusion"
"339","UVA-adaptive","12",624,"any_exclusion"
"340","UVA-adaptive","16",624,"any_exclusion"
"341","UVA-adaptive","42",624,"any_exclusion"
"342","UVA-adaptive","39",624,"any_exclusion"
"343","UVA-adaptive","28",624,"any_exclusion"
"344","UVA-adaptive","27",624,"any_exclusion"
"345","UVA-adaptive","23",624,"any_exclusion"
"346","UVA-adaptive","51",624,"any_exclusion"
"347","UVA-adaptive","25",624,"any_exclusion"
"348","UVA-adaptive","56",624,"any_exclusion"
"349","UVA-adaptive","47",624,"any_exclusion"
"350","UVA-adaptive","01",624,"any_exclusion"
"351","UVA-adaptive","46",624,"any_exclusion"
"352","UVA-adaptive","18",624,"any_exclusion"
"353","UVA-adaptive","02",624,"any_exclusion"
"354","UVA-adaptive","19",624,"any_exclusion"
"355","UVA-adaptive","21",624,"any_exclusion"
"356","UVA-adaptive","15",624,"any_exclusion"
"357","UVA-adaptive","33",624,"any_exclusion"
"358","UVA-adaptive","05",624,"any_exclusion"
"359","UVA-adaptive","40",624,"any_exclusion"
"360","UVA-adaptive","48",624,"any_exclusion"
"361","UVA-adaptive","20",624,"any_exclusion"
"362","UVA-adaptive","38",624,"any_exclusion"
"363","UVA-adaptive","06",624,"any_exclusion"
"364","UVA-adaptive","11",624,"any_exclusion"
"365","UVA-adaptive","44",624,"any_exclusion"
"366","UVA-adaptive","49",624,"any_exclusion"
"367","UVA-adaptive","35",624,"any_exclusion"
"368","UVA-adaptive","10",624,"any_exclusion"
"369","UVA-adaptive","26",624,"any_exclusion"
"370","UVA-adaptive","50",624,"any_exclusion"
"371","UVA-adaptive","31",624,"any_exclusion"
"372","UVA-adaptive","13",624,"any_exclusion"
"373","UVA-adaptive","34",624,"any_exclusion"
"374","UVA-adaptive","30",624,"any_exclusion"
"375","UVA-adaptive","08",624,"any_exclusion"
"376","UVA-adaptive","32",624,"any_exclusion"
"377","UVA-adaptive","36",624,"any_exclusion"
"378","UVA-adaptive","24",624,"any_exclusion"
"379","UVA-adaptive","54",624,"any_exclusion"
"380","UVA-adaptive","04",624,"any_exclusion"
"381","UVA-adaptive","17",624,"any_exclusion"
"382","UVA-adaptive","55",624,"any_exclusion"
"383","UVA-adaptive","29",624,"any_exclusion"
"384","UVA-adaptive","53",624,"any_exclusion"
"385","UVA-adaptive","US",624,"any_exclusion"
"386","UVA-EpiHiper","01",624,"any_exclusion"
"387","UVA-EpiHiper","02",624,"any_exclusion"
"388","UVA-EpiHiper","04",624,"any_exclusion"
"389","UVA-EpiHiper","05",624,"any_exclusion"
"390","UVA-EpiHiper","06",624,"any_exclusion"
"391","UVA-EpiHiper","08",624,"any_exclusion"
"392","UVA-EpiHiper","09",624,"any_exclusion"
"393","UVA-EpiHiper","10",624,"any_exclusion"
"394","UVA-EpiHiper","11",624,"any_exclusion"
"395","UVA-EpiHiper","12",624,"any_exclusion"
"396","UVA-EpiHiper","13",624,"any_exclusion"
"397","UVA-EpiHiper","15",624,"any_exclusion"
"398","UVA-EpiHiper","16",624,"any_exclusion"
"399","UVA-EpiHiper","17",624,"any_exclusion"
"400","UVA-EpiHiper","18",624,"any_exclusion"
"401","UVA-EpiHiper","19",624,"any_exclusion"
"402","UVA-EpiHiper","20",624,"any_exclusion"
"403","UVA-EpiHiper","21",624,"any_exclusion"
"404","UVA-EpiHiper","22",624,"any_exclusion"
"405","UVA-EpiHiper","23",624,"any_exclusion"
"406","UVA-EpiHiper","24",624,"any_exclusion"
"407","UVA-EpiHiper","25",624,"any_exclusion"
"408","UVA-EpiHiper","26",624,"any_exclusion"
"409","UVA-EpiHiper","27",624,"any_exclusion"
"410","UVA-EpiHiper","28",624,"any_exclusion"
"411","UVA-EpiHiper","29",624,"any_exclusion"
"412","UVA-EpiHiper","30",624,"any_exclusion"
"413","UVA-EpiHiper","31",624,"any_exclusion"
"414","UVA-EpiHiper","32",624,"any_exclusion"
"415","UVA-EpiHiper","33",624,"any_exclusion"
"416","UVA-EpiHiper","34",624,"any_exclusion"
"417","UVA-EpiHiper","35",624,"any_exclusion"
"418","UVA-EpiHiper","36",624,"any_exclusion"
"419","UVA-EpiHiper","37",624,"any_exclusion"
"420","UVA-EpiHiper","38",624,"any_exclusion"
"421","UVA-EpiHiper","39",624,"any_exclusion"
"422","UVA-EpiHiper","40",624,"any_exclusion"
"423","UVA-EpiHiper","41",624,"any_exclusion"
"424","UVA-EpiHiper","42",624,"any_exclusion"
"425","UVA-EpiHiper","44",624,"any_exclusion"
"426","UVA-EpiHiper","45",624,"any_exclusion"
"427","UVA-EpiHiper","46",624,"any_exclusion"
"428","UVA-EpiHiper","47",624,"any_exclusion"
"429","UVA-EpiHiper","48",624,"any_exclusion"
"430","UVA-EpiHiper","49",624,"any_exclusion"
"431","UVA-EpiHiper","50",624,"any_exclusion"
"432","UVA-EpiHiper","51",624,"any_exclusion"
"433","UVA-EpiHiper","53",624,"any_exclusion"
"434","UVA-EpiHiper","54",624,"any_exclusion"
"435","UVA-EpiHiper","55",624,"any_exclusion"
"436","UVA-EpiHiper","56",624,"any_exclusion"
"437","UVA-EpiHiper","US",624,"any_exclusion"
